[
	{
		"activeAt": "2024-12-28T17:14:45Z",
		"Annotations": {
			"description": "100% of the rancher/rancher targets in cattle-system namespace are down.",
			"runbook_url": "https://runbooks.prometheus-operator.dev/runbooks/general/targetdown",
			"summary": "One or more targets are unreachable."
		},
		"Labels": {
			"alertname": "TargetDown",
			"job": "rancher",
			"namespace": "cattle-system",
			"service": "rancher",
			"severity": "warning"
		},
		"State": "firing",
		"Value": "1e+02"
	},
	{
		"activeAt": "2025-01-13T02:53:45.823599323Z",
		"Annotations": {
			"description": "This is an alert meant to ensure that the entire alerting pipeline is functional.\nThis alert is always firing, therefore it should always be firing in Alertmanager\nand always fire against a receiver. There are integrations with various notification\nmechanisms that send a notification when this alert is not firing. For example the\n\"DeadMansSnitch\" integration in PagerDuty.\n",
			"runbook_url": "https://runbooks.prometheus-operator.dev/runbooks/general/watchdog",
			"summary": "An alert that should always be firing to certify that Alertmanager is working properly."
		},
		"Labels": {
			"alertname": "Watchdog",
			"severity": "none"
		},
		"State": "firing",
		"Value": "1e+00"
	},
	{
		"activeAt": "2025-01-18T19:34:45.823599323Z",
		"Annotations": {
			"description": "This is an alert that is used to inhibit info alerts.\nBy themselves, the info-level alerts are sometimes very noisy, but they are relevant when combined with\nother alerts.\nThis alert fires whenever there's a severity=\"info\" alert, and stops firing when another alert with a\nseverity of 'warning' or 'critical' starts firing on the same namespace.\nThis alert should be routed to a null receiver and configured to inhibit alerts with severity=\"info\".\n",
			"runbook_url": "https://runbooks.prometheus-operator.dev/runbooks/general/infoinhibitor",
			"summary": "Info-level alert inhibition."
		},
		"Labels": {
			"alertname": "InfoInhibitor",
			"alertstate": "firing",
			"container": "agent",
			"namespace": "harvester-system",
			"pod": "harvester-pcidevices-controller-7cpvm",
			"severity": "none"
		},
		"State": "firing",
		"Value": "1e+00"
	},
	{
		"activeAt": "2025-01-13T02:56:09.397457402Z",
		"Annotations": {
			"description": "Prometheus cattle-monitoring-system/prometheus-rancher-monitoring-prometheus-0 has failed to evaluate 5 rules in the last 5m.",
			"runbook_url": "https://runbooks.prometheus-operator.dev/runbooks/prometheus/prometheusrulefailures",
			"summary": "Prometheus is failing rule evaluations."
		},
		"Labels": {
			"alertname": "PrometheusRuleFailures",
			"container": "prometheus-proxy",
			"endpoint": "http-web",
			"instance": "10.52.0.196:8081",
			"job": "rancher-monitoring-prometheus",
			"namespace": "cattle-monitoring-system",
			"pod": "prometheus-rancher-monitoring-prometheus-0",
			"rule_group": "/etc/prometheus/rules/prometheus-rancher-monitoring-prometheus-rulefiles-0/harvester-system-prometheus-kubevirt-rules-1291bdac-b104-4f0f-adcd-d25f00713a04.yaml;alerts.rules",
			"service": "rancher-monitoring-prometheus",
			"severity": "critical"
		},
		"State": "firing",
		"Value": "5e+00"
	},
	{
		"activeAt": "2025-01-15T12:26:37.092591519Z",
		"Annotations": {
			"description": "57.58% throttling of CPU in namespace cattle-monitoring-system for container node-exporter in pod rancher-monitoring-prometheus-node-exporter-9nfrt.",
			"runbook_url": "https://runbooks.prometheus-operator.dev/runbooks/kubernetes/cputhrottlinghigh",
			"summary": "Processes experience elevated CPU throttling."
		},
		"Labels": {
			"alertname": "CPUThrottlingHigh",
			"container": "node-exporter",
			"namespace": "cattle-monitoring-system",
			"pod": "rancher-monitoring-prometheus-node-exporter-9nfrt",
			"severity": "info"
		},
		"State": "firing",
		"Value": "5.757575757575757e-01"
	},
	{
		"activeAt": "2025-01-18T19:19:37.092591519Z",
		"Annotations": {
			"description": "48.58% throttling of CPU in namespace harvester-system for container agent in pod harvester-pcidevices-controller-7cpvm.",
			"runbook_url": "https://runbooks.prometheus-operator.dev/runbooks/kubernetes/cputhrottlinghigh",
			"summary": "Processes experience elevated CPU throttling."
		},
		"Labels": {
			"alertname": "CPUThrottlingHigh",
			"container": "agent",
			"namespace": "harvester-system",
			"pod": "harvester-pcidevices-controller-7cpvm",
			"severity": "info"
		},
		"State": "firing",
		"Value": "4.857849196538937e-01"
	},
	{
		"activeAt": "2025-01-20T06:23:37.092591519Z",
		"Annotations": {
			"description": "26.32% throttling of CPU in namespace default for container compute in pod virt-launcher-forgejo-9dggc.",
			"runbook_url": "https://runbooks.prometheus-operator.dev/runbooks/kubernetes/cputhrottlinghigh",
			"summary": "Processes experience elevated CPU throttling."
		},
		"Labels": {
			"alertname": "CPUThrottlingHigh",
			"container": "compute",
			"namespace": "default",
			"pod": "virt-launcher-forgejo-9dggc",
			"severity": "info"
		},
		"State": "pending",
		"Value": "2.6320064987814784e-01"
	},
	{
		"activeAt": "2025-01-19T23:05:24.291596823Z",
		"Annotations": {
			"description": "Filesystem on /dev/sdc1 at 192.168.1.5:9796 has only 3.62% available space left.",
			"runbook_url": "https://runbooks.prometheus-operator.dev/runbooks/node/nodefilesystemalmostoutofspace",
			"summary": "Filesystem has less than 5% space left."
		},
		"Labels": {
			"alertname": "NodeFilesystemAlmostOutOfSpace",
			"container": "node-exporter",
			"device": "/dev/sdc1",
			"endpoint": "http-metrics",
			"fstype": "ext4",
			"instance": "192.168.1.5:9796",
			"job": "node-exporter",
			"mountpoint": "/tmp/mount",
			"namespace": "cattle-monitoring-system",
			"pod": "rancher-monitoring-prometheus-node-exporter-9nfrt",
			"service": "rancher-monitoring-prometheus-node-exporter",
			"severity": "warning"
		},
		"State": "firing",
		"Value": "3.616141459698684e+00"
	},
	{
		"activeAt": "2025-01-13T02:53:51.992690679Z",
		"Annotations": {
			"runbook_url": "https://kubevirt.io/monitoring/runbooks/KubeVirtNoAvailableNodesToRunVMs",
			"summary": "There are no available nodes in the cluster to run VMs."
		},
		"Labels": {
			"alertname": "KubeVirtNoAvailableNodesToRunVMs",
			"kubernetes_operator_component": "kubevirt",
			"kubernetes_operator_part_of": "kubevirt",
			"operator_health_impact": "critical",
			"severity": "warning"
		},
		"State": "firing",
		"Value": "0e+00"
	},
	{
		"activeAt": "2025-01-13T03:17:51.992690679Z",
		"Annotations": {
			"description": "Container compute in pod virt-launcher-valheim-vjcrk in namespace justin free memory is less than 50Mi and it is close to requested memory",
			"runbook_url": "https://kubevirt.io/monitoring/runbooks/KubevirtVmHighMemoryUsage",
			"summary": "VM is at risk of being evicted and in serious cases of memory exhaustion being terminated by the runtime."
		},
		"Labels": {
			"alertname": "KubevirtVmHighMemoryUsage",
			"container": "compute",
			"kubernetes_operator_component": "kubevirt",
			"kubernetes_operator_part_of": "kubevirt",
			"namespace": "justin",
			"operator_health_impact": "none",
			"pod": "virt-launcher-valheim-vjcrk",
			"severity": "warning"
		},
		"State": "firing",
		"Value": "-1.661940624e+09"
	},
	{
		"activeAt": "2025-01-13T02:55:51.992690679Z",
		"Annotations": {
			"description": "Container compute in pod virt-launcher-forgejo-9dggc in namespace default free memory is less than 50Mi and it is close to requested memory",
			"runbook_url": "https://kubevirt.io/monitoring/runbooks/KubevirtVmHighMemoryUsage",
			"summary": "VM is at risk of being evicted and in serious cases of memory exhaustion being terminated by the runtime."
		},
		"Labels": {
			"alertname": "KubevirtVmHighMemoryUsage",
			"container": "compute",
			"kubernetes_operator_component": "kubevirt",
			"kubernetes_operator_part_of": "kubevirt",
			"namespace": "default",
			"operator_health_impact": "none",
			"pod": "virt-launcher-forgejo-9dggc",
			"severity": "warning"
		},
		"State": "firing",
		"Value": "-1.126483487e+09"
	},
	{
		"activeAt": "2025-01-17T05:31:51.992690679Z",
		"Annotations": {
			"description": "Container compute in pod virt-launcher-proton-main-bridge-s8p6z in namespace default free memory is less than 50Mi and it is close to requested memory",
			"runbook_url": "https://kubevirt.io/monitoring/runbooks/KubevirtVmHighMemoryUsage",
			"summary": "VM is at risk of being evicted and in serious cases of memory exhaustion being terminated by the runtime."
		},
		"Labels": {
			"alertname": "KubevirtVmHighMemoryUsage",
			"container": "compute",
			"kubernetes_operator_component": "kubevirt",
			"kubernetes_operator_part_of": "kubevirt",
			"namespace": "default",
			"operator_health_impact": "none",
			"pod": "virt-launcher-proton-main-bridge-s8p6z",
			"severity": "warning"
		},
		"State": "firing",
		"Value": "-3.6374592e+07"
	},
	{
		"activeAt": "2025-01-13T03:32:51.992690679Z",
		"Annotations": {
			"description": "Container compute in pod virt-launcher-jellyfin-qfm7l in namespace default free memory is less than 50Mi and it is close to requested memory",
			"runbook_url": "https://kubevirt.io/monitoring/runbooks/KubevirtVmHighMemoryUsage",
			"summary": "VM is at risk of being evicted and in serious cases of memory exhaustion being terminated by the runtime."
		},
		"Labels": {
			"alertname": "KubevirtVmHighMemoryUsage",
			"container": "compute",
			"kubernetes_operator_component": "kubevirt",
			"kubernetes_operator_part_of": "kubevirt",
			"namespace": "default",
			"operator_health_impact": "none",
			"pod": "virt-launcher-jellyfin-qfm7l",
			"severity": "warning"
		},
		"State": "firing",
		"Value": "-2.14803215e+08"
	},
	{
		"activeAt": "2025-01-15T07:44:51.992690679Z",
		"Annotations": {
			"description": "Container compute in pod virt-launcher-minecraft-jason-sf9hg in namespace default free memory is less than 50Mi and it is close to requested memory",
			"runbook_url": "https://kubevirt.io/monitoring/runbooks/KubevirtVmHighMemoryUsage",
			"summary": "VM is at risk of being evicted and in serious cases of memory exhaustion being terminated by the runtime."
		},
		"Labels": {
			"alertname": "KubevirtVmHighMemoryUsage",
			"container": "compute",
			"kubernetes_operator_component": "kubevirt",
			"kubernetes_operator_part_of": "kubevirt",
			"namespace": "default",
			"operator_health_impact": "none",
			"pod": "virt-launcher-minecraft-jason-sf9hg",
			"severity": "warning"
		},
		"State": "firing",
		"Value": "-1.4014895e+07"
	},
	{
		"activeAt": "2025-01-17T07:34:51.992690679Z",
		"Annotations": {
			"description": "Container compute in pod virt-launcher-nextcloud-nkgtd in namespace default free memory is less than 50Mi and it is close to requested memory",
			"runbook_url": "https://kubevirt.io/monitoring/runbooks/KubevirtVmHighMemoryUsage",
			"summary": "VM is at risk of being evicted and in serious cases of memory exhaustion being terminated by the runtime."
		},
		"Labels": {
			"alertname": "KubevirtVmHighMemoryUsage",
			"container": "compute",
			"kubernetes_operator_component": "kubevirt",
			"kubernetes_operator_part_of": "kubevirt",
			"namespace": "default",
			"operator_health_impact": "none",
			"pod": "virt-launcher-nextcloud-nkgtd",
			"severity": "warning"
		},
		"State": "firing",
		"Value": "-2.05886223e+08"
	},
	{
		"activeAt": "2025-01-13T02:54:44.932034405Z",
		"Annotations": {
			"description": "The actual space used by Longhorn volume on node is at 90% capacity for more than 5 minutes.",
			"runbook_url": "https://longhorn.io/docs/1.3.0/monitoring/metrics/",
			"summary": "The actual used space of Longhorn volume is over 90% of the capacity."
		},
		"Labels": {
			"alertname": "LonghornVolumeActualSpaceUsedWarning",
			"container": "longhorn-manager",
			"endpoint": "manager",
			"instance": "10.52.0.98:9500",
			"issue": "The actual used space of Longhorn volume on is high.",
			"job": "longhorn-backend",
			"namespace": "longhorn-system",
			"node": "harvester",
			"pod": "longhorn-manager-ftj4d",
			"pvc": "forgejo-disk-1-xucql",
			"pvc_namespace": "default",
			"service": "longhorn-backend",
			"severity": "warning",
			"volume": "pvc-9e94ea64-b0ee-4c62-b887-be20333c3554"
		},
		"State": "firing",
		"Value": "1.8988692092895508e+02"
	},
	{
		"activeAt": "2025-01-13T02:54:44.932034405Z",
		"Annotations": {
			"description": "The actual space used by Longhorn volume on node is at 90% capacity for more than 5 minutes.",
			"runbook_url": "https://longhorn.io/docs/1.3.0/monitoring/metrics/",
			"summary": "The actual used space of Longhorn volume is over 90% of the capacity."
		},
		"Labels": {
			"alertname": "LonghornVolumeActualSpaceUsedWarning",
			"container": "longhorn-manager",
			"endpoint": "manager",
			"instance": "10.52.0.98:9500",
			"issue": "The actual used space of Longhorn volume on is high.",
			"job": "longhorn-backend",
			"namespace": "longhorn-system",
			"node": "harvester",
			"pod": "longhorn-manager-ftj4d",
			"pvc": "jellyfin-disk-1-htk3b",
			"pvc_namespace": "default",
			"service": "longhorn-backend",
			"severity": "warning",
			"volume": "pvc-1fbacc7d-68de-4ea1-a137-13f0f42c96af"
		},
		"State": "firing",
		"Value": "1.0254093856811524e+02"
	},
	{
		"activeAt": "2025-01-13T02:54:44.932034405Z",
		"Annotations": {
			"description": "Longhorn volume is Degraded for more than 5 minutes.",
			"runbook_url": "https://longhorn.io/docs/1.3.0/monitoring/metrics/",
			"summary": "Longhorn volume is Degraded"
		},
		"Labels": {
			"alertname": "LonghornVolumeStatusWarning",
			"container": "longhorn-manager",
			"endpoint": "manager",
			"instance": "10.52.0.98:9500",
			"issue": "Longhorn volume is Degraded.",
			"job": "longhorn-backend",
			"namespace": "longhorn-system",
			"node": "harvester",
			"pod": "longhorn-manager-ftj4d",
			"pvc": "proton-main-bridge-disk-1-v8wbw",
			"pvc_namespace": "default",
			"service": "longhorn-backend",
			"severity": "warning",
			"volume": "pvc-2adbb009-74ad-459e-b07f-f1899ed6ba30"
		},
		"State": "firing",
		"Value": "2e+00"
	},
	{
		"activeAt": "2025-01-13T02:54:44.932034405Z",
		"Annotations": {
			"description": "Longhorn volume is Degraded for more than 5 minutes.",
			"runbook_url": "https://longhorn.io/docs/1.3.0/monitoring/metrics/",
			"summary": "Longhorn volume is Degraded"
		},
		"Labels": {
			"alertname": "LonghornVolumeStatusWarning",
			"container": "longhorn-manager",
			"endpoint": "manager",
			"instance": "10.52.0.98:9500",
			"issue": "Longhorn volume is Degraded.",
			"job": "longhorn-backend",
			"namespace": "longhorn-system",
			"node": "harvester",
			"pod": "longhorn-manager-ftj4d",
			"pvc": "unstable-wow-disk-1-xowcg",
			"pvc_namespace": "default",
			"service": "longhorn-backend",
			"severity": "warning",
			"volume": "pvc-1a67672c-39f6-4ea7-b049-021922086130"
		},
		"State": "firing",
		"Value": "2e+00"
	},
	{
		"activeAt": "2025-01-13T02:54:44.932034405Z",
		"Annotations": {
			"description": "Longhorn volume is Degraded for more than 5 minutes.",
			"runbook_url": "https://longhorn.io/docs/1.3.0/monitoring/metrics/",
			"summary": "Longhorn volume is Degraded"
		},
		"Labels": {
			"alertname": "LonghornVolumeStatusWarning",
			"container": "longhorn-manager",
			"endpoint": "manager",
			"instance": "10.52.0.98:9500",
			"issue": "Longhorn volume is Degraded.",
			"job": "longhorn-backend",
			"namespace": "longhorn-system",
			"node": "harvester",
			"pod": "longhorn-manager-ftj4d",
			"pvc": "pvpgn-server-disk-1-jm46u",
			"pvc_namespace": "default",
			"service": "longhorn-backend",
			"severity": "warning",
			"volume": "pvc-4401093f-84f4-4682-81e2-d59666de6bee"
		},
		"State": "firing",
		"Value": "2e+00"
	},
	{
		"activeAt": "2025-01-13T02:54:44.932034405Z",
		"Annotations": {
			"description": "Longhorn volume is Degraded for more than 5 minutes.",
			"runbook_url": "https://longhorn.io/docs/1.3.0/monitoring/metrics/",
			"summary": "Longhorn volume is Degraded"
		},
		"Labels": {
			"alertname": "LonghornVolumeStatusWarning",
			"container": "longhorn-manager",
			"endpoint": "manager",
			"instance": "10.52.0.98:9500",
			"issue": "Longhorn volume is Degraded.",
			"job": "longhorn-backend",
			"namespace": "longhorn-system",
			"node": "harvester",
			"pod": "longhorn-manager-ftj4d",
			"pvc": "insanity-wow-disk-1-q61hy",
			"pvc_namespace": "default",
			"service": "longhorn-backend",
			"severity": "warning",
			"volume": "pvc-594ce7f0-6143-49d2-8955-ba7ee9bba4a1"
		},
		"State": "firing",
		"Value": "2e+00"
	},
	{
		"activeAt": "2025-01-13T02:54:44.932034405Z",
		"Annotations": {
			"description": "Longhorn volume is Degraded for more than 5 minutes.",
			"runbook_url": "https://longhorn.io/docs/1.3.0/monitoring/metrics/",
			"summary": "Longhorn volume is Degraded"
		},
		"Labels": {
			"alertname": "LonghornVolumeStatusWarning",
			"container": "longhorn-manager",
			"endpoint": "manager",
			"instance": "10.52.0.98:9500",
			"issue": "Longhorn volume is Degraded.",
			"job": "longhorn-backend",
			"namespace": "longhorn-system",
			"node": "harvester",
			"pod": "longhorn-manager-ftj4d",
			"pvc": "prometheus-rancher-monitoring-prometheus-db-prometheus-rancher-monitoring-prometheus-0",
			"pvc_namespace": "cattle-monitoring-system",
			"service": "longhorn-backend",
			"severity": "warning",
			"volume": "pvc-3b002753-c19b-4401-93d0-0dc809127f1a"
		},
		"State": "firing",
		"Value": "2e+00"
	},
	{
		"activeAt": "2025-01-13T02:54:44.932034405Z",
		"Annotations": {
			"description": "Longhorn volume is Degraded for more than 5 minutes.",
			"runbook_url": "https://longhorn.io/docs/1.3.0/monitoring/metrics/",
			"summary": "Longhorn volume is Degraded"
		},
		"Labels": {
			"alertname": "LonghornVolumeStatusWarning",
			"container": "longhorn-manager",
			"endpoint": "manager",
			"instance": "10.52.0.98:9500",
			"issue": "Longhorn volume is Degraded.",
			"job": "longhorn-backend",
			"namespace": "longhorn-system",
			"node": "harvester",
			"pod": "longhorn-manager-ftj4d",
			"pvc": "rancher-monitoring-grafana",
			"pvc_namespace": "cattle-monitoring-system",
			"service": "longhorn-backend",
			"severity": "warning",
			"volume": "pvc-262fe7fd-5be9-4e6e-9ed8-ec57bbbb3e40"
		},
		"State": "firing",
		"Value": "2e+00"
	},
	{
		"activeAt": "2025-01-13T03:52:44.932034405Z",
		"Annotations": {
			"description": "Longhorn volume is Degraded for more than 5 minutes.",
			"runbook_url": "https://longhorn.io/docs/1.3.0/monitoring/metrics/",
			"summary": "Longhorn volume is Degraded"
		},
		"Labels": {
			"alertname": "LonghornVolumeStatusWarning",
			"container": "longhorn-manager",
			"endpoint": "manager",
			"instance": "10.52.0.98:9500",
			"issue": "Longhorn volume is Degraded.",
			"job": "longhorn-backend",
			"namespace": "longhorn-system",
			"node": "harvester",
			"pod": "longhorn-manager-ftj4d",
			"pvc": "ollama-disk-1-l470x",
			"pvc_namespace": "default",
			"service": "longhorn-backend",
			"severity": "warning",
			"volume": "pvc-52e9662c-0991-4408-9283-235cb2f473e9"
		},
		"State": "firing",
		"Value": "2e+00"
	},
	{
		"activeAt": "2025-01-13T02:54:44.932034405Z",
		"Annotations": {
			"description": "Longhorn volume is Degraded for more than 5 minutes.",
			"runbook_url": "https://longhorn.io/docs/1.3.0/monitoring/metrics/",
			"summary": "Longhorn volume is Degraded"
		},
		"Labels": {
			"alertname": "LonghornVolumeStatusWarning",
			"container": "longhorn-manager",
			"endpoint": "manager",
			"instance": "10.52.0.98:9500",
			"issue": "Longhorn volume is Degraded.",
			"job": "longhorn-backend",
			"namespace": "longhorn-system",
			"node": "harvester",
			"pod": "longhorn-manager-ftj4d",
			"pvc": "hvst-upgrade-c4bz6-upgradelog-log-archive",
			"pvc_namespace": "harvester-system",
			"service": "longhorn-backend",
			"severity": "warning",
			"volume": "pvc-9bcec64f-0af1-4322-b973-ddad2e09b9f0"
		},
		"State": "firing",
		"Value": "2e+00"
	},
	{
		"activeAt": "2025-01-13T02:54:44.932034405Z",
		"Annotations": {
			"description": "Longhorn volume is Degraded for more than 5 minutes.",
			"runbook_url": "https://longhorn.io/docs/1.3.0/monitoring/metrics/",
			"summary": "Longhorn volume is Degraded"
		},
		"Labels": {
			"alertname": "LonghornVolumeStatusWarning",
			"container": "longhorn-manager",
			"endpoint": "manager",
			"instance": "10.52.0.98:9500",
			"issue": "Longhorn volume is Degraded.",
			"job": "longhorn-backend",
			"namespace": "longhorn-system",
			"node": "harvester",
			"pod": "longhorn-manager-ftj4d",
			"pvc": "apache-debian-0-disk-1-okdub",
			"pvc_namespace": "default",
			"service": "longhorn-backend",
			"severity": "warning",
			"volume": "pvc-948d1a55-c76c-42e5-930b-4de574cfa0d7"
		},
		"State": "firing",
		"Value": "2e+00"
	},
	{
		"activeAt": "2025-01-13T02:54:44.932034405Z",
		"Annotations": {
			"description": "Longhorn volume is Degraded for more than 5 minutes.",
			"runbook_url": "https://longhorn.io/docs/1.3.0/monitoring/metrics/",
			"summary": "Longhorn volume is Degraded"
		},
		"Labels": {
			"alertname": "LonghornVolumeStatusWarning",
			"container": "longhorn-manager",
			"endpoint": "manager",
			"instance": "10.52.0.98:9500",
			"issue": "Longhorn volume is Degraded.",
			"job": "longhorn-backend",
			"namespace": "longhorn-system",
			"node": "harvester",
			"pod": "longhorn-manager-ftj4d",
			"pvc": "nextcloud-disk-1-her17",
			"pvc_namespace": "default",
			"service": "longhorn-backend",
			"severity": "warning",
			"volume": "pvc-8ee45b1e-fe6a-4dab-882a-d5e991ec412a"
		},
		"State": "firing",
		"Value": "2e+00"
	},
	{
		"activeAt": "2025-01-13T02:54:44.932034405Z",
		"Annotations": {
			"description": "Longhorn volume is Degraded for more than 5 minutes.",
			"runbook_url": "https://longhorn.io/docs/1.3.0/monitoring/metrics/",
			"summary": "Longhorn volume is Degraded"
		},
		"Labels": {
			"alertname": "LonghornVolumeStatusWarning",
			"container": "longhorn-manager",
			"endpoint": "manager",
			"instance": "10.52.0.98:9500",
			"issue": "Longhorn volume is Degraded.",
			"job": "longhorn-backend",
			"namespace": "longhorn-system",
			"node": "harvester",
			"pod": "longhorn-manager-ftj4d",
			"pvc": "valheim-disk",
			"pvc_namespace": "jason",
			"service": "longhorn-backend",
			"severity": "warning",
			"volume": "pvc-f4d1b6cb-dd1b-4ff9-91d6-61a12b7c7e7e"
		},
		"State": "firing",
		"Value": "2e+00"
	},
	{
		"activeAt": "2025-01-13T02:54:44.932034405Z",
		"Annotations": {
			"description": "Longhorn volume is Degraded for more than 5 minutes.",
			"runbook_url": "https://longhorn.io/docs/1.3.0/monitoring/metrics/",
			"summary": "Longhorn volume is Degraded"
		},
		"Labels": {
			"alertname": "LonghornVolumeStatusWarning",
			"container": "longhorn-manager",
			"endpoint": "manager",
			"instance": "10.52.0.98:9500",
			"issue": "Longhorn volume is Degraded.",
			"job": "longhorn-backend",
			"namespace": "longhorn-system",
			"node": "harvester",
			"pod": "longhorn-manager-ftj4d",
			"pvc": "apache-debian-0-disk-2-jxbql",
			"pvc_namespace": "default",
			"service": "longhorn-backend",
			"severity": "warning",
			"volume": "pvc-b778ce3f-ec47-4b0e-972a-c732e61d4a83"
		},
		"State": "firing",
		"Value": "2e+00"
	},
	{
		"activeAt": "2025-01-13T02:54:44.932034405Z",
		"Annotations": {
			"description": "Longhorn volume is Degraded for more than 5 minutes.",
			"runbook_url": "https://longhorn.io/docs/1.3.0/monitoring/metrics/",
			"summary": "Longhorn volume is Degraded"
		},
		"Labels": {
			"alertname": "LonghornVolumeStatusWarning",
			"container": "longhorn-manager",
			"endpoint": "manager",
			"instance": "10.52.0.98:9500",
			"issue": "Longhorn volume is Degraded.",
			"job": "longhorn-backend",
			"namespace": "longhorn-system",
			"node": "harvester",
			"pod": "longhorn-manager-ftj4d",
			"pvc": "alertmanager-rancher-monitoring-alertmanager-db-alertmanager-rancher-monitoring-alertmanager-0",
			"pvc_namespace": "cattle-monitoring-system",
			"service": "longhorn-backend",
			"severity": "warning",
			"volume": "pvc-6b50efad-2d3f-4f0e-b1f2-ee03447b17be"
		},
		"State": "firing",
		"Value": "2e+00"
	},
	{
		"activeAt": "2025-01-13T02:54:44.932034405Z",
		"Annotations": {
			"description": "Longhorn volume is Degraded for more than 5 minutes.",
			"runbook_url": "https://longhorn.io/docs/1.3.0/monitoring/metrics/",
			"summary": "Longhorn volume is Degraded"
		},
		"Labels": {
			"alertname": "LonghornVolumeStatusWarning",
			"container": "longhorn-manager",
			"endpoint": "manager",
			"instance": "10.52.0.98:9500",
			"issue": "Longhorn volume is Degraded.",
			"job": "longhorn-backend",
			"namespace": "longhorn-system",
			"node": "harvester",
			"pod": "longhorn-manager-ftj4d",
			"pvc": "jellyfin-disk-1-htk3b",
			"pvc_namespace": "default",
			"service": "longhorn-backend",
			"severity": "warning",
			"volume": "pvc-1fbacc7d-68de-4ea1-a137-13f0f42c96af"
		},
		"State": "firing",
		"Value": "2e+00"
	},
	{
		"activeAt": "2025-01-13T02:54:44.932034405Z",
		"Annotations": {
			"description": "Longhorn volume is Degraded for more than 5 minutes.",
			"runbook_url": "https://longhorn.io/docs/1.3.0/monitoring/metrics/",
			"summary": "Longhorn volume is Degraded"
		},
		"Labels": {
			"alertname": "LonghornVolumeStatusWarning",
			"container": "longhorn-manager",
			"endpoint": "manager",
			"instance": "10.52.0.98:9500",
			"issue": "Longhorn volume is Degraded.",
			"job": "longhorn-backend",
			"namespace": "longhorn-system",
			"node": "harvester",
			"pod": "longhorn-manager-ftj4d",
			"pvc": "forgejo-disk-1-xucql",
			"pvc_namespace": "default",
			"service": "longhorn-backend",
			"severity": "warning",
			"volume": "pvc-9e94ea64-b0ee-4c62-b887-be20333c3554"
		},
		"State": "firing",
		"Value": "2e+00"
	},
	{
		"activeAt": "2025-01-13T02:54:44.932034405Z",
		"Annotations": {
			"description": "Longhorn volume is Degraded for more than 5 minutes.",
			"runbook_url": "https://longhorn.io/docs/1.3.0/monitoring/metrics/",
			"summary": "Longhorn volume is Degraded"
		},
		"Labels": {
			"alertname": "LonghornVolumeStatusWarning",
			"container": "longhorn-manager",
			"endpoint": "manager",
			"instance": "10.52.0.98:9500",
			"issue": "Longhorn volume is Degraded.",
			"job": "longhorn-backend",
			"namespace": "longhorn-system",
			"node": "harvester",
			"pod": "longhorn-manager-ftj4d",
			"pvc": "valheim-disk",
			"pvc_namespace": "justin",
			"service": "longhorn-backend",
			"severity": "warning",
			"volume": "pvc-cddf5c36-5150-40ec-bb37-d1bfed32d7a2"
		},
		"State": "firing",
		"Value": "2e+00"
	},
	{
		"activeAt": "2025-01-13T02:54:44.932034405Z",
		"Annotations": {
			"description": "Longhorn volume is Degraded for more than 5 minutes.",
			"runbook_url": "https://longhorn.io/docs/1.3.0/monitoring/metrics/",
			"summary": "Longhorn volume is Degraded"
		},
		"Labels": {
			"alertname": "LonghornVolumeStatusWarning",
			"container": "longhorn-manager",
			"endpoint": "manager",
			"instance": "10.52.0.98:9500",
			"issue": "Longhorn volume is Degraded.",
			"job": "longhorn-backend",
			"namespace": "longhorn-system",
			"node": "harvester",
			"pod": "longhorn-manager-ftj4d",
			"pvc": "minecraft-jason-disk-1-qvlb3",
			"pvc_namespace": "default",
			"service": "longhorn-backend",
			"severity": "warning",
			"volume": "pvc-a6424b2f-8fff-4af2-bfda-e73e429059b1"
		},
		"State": "firing",
		"Value": "2e+00"
	}
]